timestamp,title,link
1 Hour Ago,"China fourth-quarter growth slows to 4.5%, weakest in nearly three years",https://www.cnbc.com/2026/01/19/china-q4-gdp-growth-2025-target-retail-sales-industrial-output-investment-income-employment.html
1 Hour Ago,"China fourth-quarter growth slows to 4.5%, weakest in nearly three years",https://www.cnbc.com/2026/01/19/china-q4-gdp-growth-2025-target-retail-sales-industrial-output-investment-income-employment.html
1 Hour Ago,"China fourth-quarter growth slows to 4.5%, weakest in nearly three years",https://www.cnbc.com/2026/01/19/china-q4-gdp-growth-2025-target-retail-sales-industrial-output-investment-income-employment.html
1 Hour Ago,"China fourth-quarter growth slows to 4.5%, weakest in nearly three years",https://www.cnbc.com/2026/01/19/china-q4-gdp-growth-2025-target-retail-sales-industrial-output-investment-income-employment.html
2 Hours Ago,What the U.S.-Taiwan deal means for the island's 'silicon shield',https://www.cnbc.com/2026/01/19/us-taiwan-chip-deal-silicon-shield-tsmc-trump-tapei-ai-semiconductor-supply-chain.html
2 Hours Ago,What the U.S.-Taiwan deal means for the island's 'silicon shield',https://www.cnbc.com/2026/01/19/us-taiwan-chip-deal-silicon-shield-tsmc-trump-tapei-ai-semiconductor-supply-chain.html
2 Hours Ago,What the U.S.-Taiwan deal means for the island's 'silicon shield',https://www.cnbc.com/2026/01/19/us-taiwan-chip-deal-silicon-shield-tsmc-trump-tapei-ai-semiconductor-supply-chain.html
2 Hours Ago,Trump's Greenland tariffs draw the EU into the fray,https://www.cnbc.com/2026/01/19/cnbc-daily-open-trumps-greenland-tariffs-draw-the-eu-into-the-fray.html
2 Hours Ago,Trump's Greenland tariffs draw the EU into the fray,https://www.cnbc.com/2026/01/19/cnbc-daily-open-trumps-greenland-tariffs-draw-the-eu-into-the-fray.html
2 Hours Ago,Trump's Greenland tariffs draw the EU into the fray,https://www.cnbc.com/2026/01/19/cnbc-daily-open-trumps-greenland-tariffs-draw-the-eu-into-the-fray.html
3 Hours Ago,"Billionaires are richer than ever, says Oxfam",https://www.cnbc.com/2026/01/19/billionaires-richer-than-ever-oxfam-inequality-report.html
3 Hours Ago,"Billionaires are richer than ever, says Oxfam",https://www.cnbc.com/2026/01/19/billionaires-richer-than-ever-oxfam-inequality-report.html
3 Hours Ago,"Billionaires are richer than ever, says Oxfam",https://www.cnbc.com/2026/01/19/billionaires-richer-than-ever-oxfam-inequality-report.html
3 Hours Ago,Hedge fund titans soar as industry's elite lands record gain,https://www.cnbc.com/2026/01/19/hedge-fund-profit-billions-citadel-bridgewater-millennium-titan-elite-gains-dalio.html
3 Hours Ago,Hedge fund titans soar as industry's elite lands record gain,https://www.cnbc.com/2026/01/19/hedge-fund-profit-billions-citadel-bridgewater-millennium-titan-elite-gains-dalio.html
3 Hours Ago,Hedge fund titans soar as industry's elite lands record gain,https://www.cnbc.com/2026/01/19/hedge-fund-profit-billions-citadel-bridgewater-millennium-titan-elite-gains-dalio.html
3 Hours Ago,"He worked blue collar jobs to afford college—now, his startup is worth $8 billion",https://www.cnbc.com/2026/01/19/jack-zhang-helped-build-a-8-billion-fintech-startup-called-airwallex.html
3 Hours Ago,"He worked blue collar jobs to afford college—now, his startup is worth $8 billion",https://www.cnbc.com/2026/01/19/jack-zhang-helped-build-a-8-billion-fintech-startup-called-airwallex.html
3 Hours Ago,"He worked blue collar jobs to afford college—now, his startup is worth $8 billion",https://www.cnbc.com/2026/01/19/jack-zhang-helped-build-a-8-billion-fintech-startup-called-airwallex.html
4 Hours Ago,Asia-Pacific markets mostly slip as investors assess key China data,https://www.cnbc.com/2026/01/19/asia-markets-china-gdp-greenland-nikkei-kospi-hang-seng.html
4 Hours Ago,Asia-Pacific markets mostly slip as investors assess key China data,https://www.cnbc.com/2026/01/19/asia-markets-china-gdp-greenland-nikkei-kospi-hang-seng.html
4 Hours Ago,Asia-Pacific markets mostly slip as investors assess key China data,https://www.cnbc.com/2026/01/19/asia-markets-china-gdp-greenland-nikkei-kospi-hang-seng.html
4 Hours Ago,Why South Korean noodle companies are betting on an overseas appetite for growth,https://www.cnbc.com/2026/01/19/south-korea-instant-noodles-ramyun-food-ramyeon-nongshim-samyang-buldak-ottogi-jin-ramen.html
4 Hours Ago,Why South Korean noodle companies are betting on an overseas appetite for growth,https://www.cnbc.com/2026/01/19/south-korea-instant-noodles-ramyun-food-ramyeon-nongshim-samyang-buldak-ottogi-jin-ramen.html
4 Hours Ago,Why South Korean noodle companies are betting on an overseas appetite for growth,https://www.cnbc.com/2026/01/19/south-korea-instant-noodles-ramyun-food-ramyeon-nongshim-samyang-buldak-ottogi-jin-ramen.html
5 Hours Ago,Khanna refloats bill to ban investors from buying up homes,https://www.cnbc.com/2026/01/18/trump-khanna-housing-investor-ban.html
5 Hours Ago,Khanna refloats bill to ban investors from buying up homes,https://www.cnbc.com/2026/01/18/trump-khanna-housing-investor-ban.html
5 Hours Ago,Khanna refloats bill to ban investors from buying up homes,https://www.cnbc.com/2026/01/18/trump-khanna-housing-investor-ban.html
6 Hours Ago,Cramer: I talked to many health CEOs out West and see big things for drug stocks,https://www.cnbc.com/2026/01/18/cramer-i-talked-to-many-health-ceos-out-west-and-see-big-things-for-drug-stocks.html
6 Hours Ago,Cramer: I talked to many health CEOs out West and see big things for drug stocks,https://www.cnbc.com/2026/01/18/cramer-i-talked-to-many-health-ceos-out-west-and-see-big-things-for-drug-stocks.html
6 Hours Ago,Cramer: I talked to many health CEOs out West and see big things for drug stocks,https://www.cnbc.com/2026/01/18/cramer-i-talked-to-many-health-ceos-out-west-and-see-big-things-for-drug-stocks.html
8 Hours Ago,Trump wants nations to pay $1 billion for permanent Board of Peace seats,https://www.cnbc.com/2026/01/18/trump-board-of-peace.html
8 Hours Ago,Trump wants nations to pay $1 billion for permanent Board of Peace seats,https://www.cnbc.com/2026/01/18/trump-board-of-peace.html
8 Hours Ago,Trump wants nations to pay $1 billion for permanent Board of Peace seats,https://www.cnbc.com/2026/01/18/trump-board-of-peace.html
12 Hours Ago,Bessent: Unlikely Supreme Court will overrule Trump's tariffs,https://www.cnbc.com/2026/01/18/trump-tariffs-supreme-court-bessent-trade-greenland.html
12 Hours Ago,Bessent: Unlikely Supreme Court will overrule Trump's tariffs,https://www.cnbc.com/2026/01/18/trump-tariffs-supreme-court-bessent-trade-greenland.html
12 Hours Ago,Bessent: Unlikely Supreme Court will overrule Trump's tariffs,https://www.cnbc.com/2026/01/18/trump-tariffs-supreme-court-bessent-trade-greenland.html
13 Hours Ago,Why Bozoma Saint John is glad she never took this career advice,https://www.cnbc.com/2026/01/18/bozoma-saint-john-says-shes-successful-in-her-career-because-she-ignored-this-piece-of-advice.html
13 Hours Ago,Why Bozoma Saint John is glad she never took this career advice,https://www.cnbc.com/2026/01/18/bozoma-saint-john-says-shes-successful-in-her-career-because-she-ignored-this-piece-of-advice.html
13 Hours Ago,Why Bozoma Saint John is glad she never took this career advice,https://www.cnbc.com/2026/01/18/bozoma-saint-john-says-shes-successful-in-her-career-because-she-ignored-this-piece-of-advice.html
13 Hours Ago,Mark Cuban: This is 'how championship teams and organizations are built',https://www.cnbc.com/2026/01/18/mark-cuban-indiana-football-donor-how-to-build-successful-teams.html
13 Hours Ago,Mark Cuban: This is 'how championship teams and organizations are built',https://www.cnbc.com/2026/01/18/mark-cuban-indiana-football-donor-how-to-build-successful-teams.html
13 Hours Ago,Mark Cuban: This is 'how championship teams and organizations are built',https://www.cnbc.com/2026/01/18/mark-cuban-indiana-football-donor-how-to-build-successful-teams.html
13 Hours Ago,The minimum savings needed to retire at 65 in every U.S. state,https://www.cnbc.com/2026/01/18/minimum-savings-needed-to-retire-at-65-in-every-us-state.html
13 Hours Ago,The minimum savings needed to retire at 65 in every U.S. state,https://www.cnbc.com/2026/01/18/minimum-savings-needed-to-retire-at-65-in-every-us-state.html
13 Hours Ago,The minimum savings needed to retire at 65 in every U.S. state,https://www.cnbc.com/2026/01/18/minimum-savings-needed-to-retire-at-65-in-every-us-state.html
14 Hours Ago,I've studied over 200 kids—the No. 1 'magic phrase' that teaches kids emotional intelligence,https://www.cnbc.com/2026/01/18/child-psychologist-the-no-1-magic-phrase-that-truly-teaches-kids-emotional-intelligence.html
14 Hours Ago,I've studied over 200 kids—the No. 1 'magic phrase' that teaches kids emotional intelligence,https://www.cnbc.com/2026/01/18/child-psychologist-the-no-1-magic-phrase-that-truly-teaches-kids-emotional-intelligence.html
14 Hours Ago,I've studied over 200 kids—the No. 1 'magic phrase' that teaches kids emotional intelligence,https://www.cnbc.com/2026/01/18/child-psychologist-the-no-1-magic-phrase-that-truly-teaches-kids-emotional-intelligence.html
14 Hours Ago,"Senior ‘bonus’ is ‘valuable opportunity,’ CPA says: How to make the most of it",https://www.cnbc.com/2026/01/18/big-beautiful-bill-senior-deduction.html
14 Hours Ago,"Senior ‘bonus’ is ‘valuable opportunity,’ CPA says: How to make the most of it",https://www.cnbc.com/2026/01/18/big-beautiful-bill-senior-deduction.html
14 Hours Ago,"Senior ‘bonus’ is ‘valuable opportunity,’ CPA says: How to make the most of it",https://www.cnbc.com/2026/01/18/big-beautiful-bill-senior-deduction.html
15 Hours Ago,"Chinese EV giant BYD is a buy — and not just for its cars, Bernstein says",https://www.cnbc.com/2026/01/18/chinese-ev-giant-byd-is-a-buy-and-not-just-for-its-cars-bernstein-says.html
15 Hours Ago,"Chinese EV giant BYD is a buy — and not just for its cars, Bernstein says",https://www.cnbc.com/2026/01/18/chinese-ev-giant-byd-is-a-buy-and-not-just-for-its-cars-bernstein-says.html
15 Hours Ago,"Chinese EV giant BYD is a buy — and not just for its cars, Bernstein says",https://www.cnbc.com/2026/01/18/chinese-ev-giant-byd-is-a-buy-and-not-just-for-its-cars-bernstein-says.html
15 Hours Ago,Buffett’s giving plan could test Berkshire’s long-standing shield from activists,https://www.cnbc.com/2026/01/18/buffetts-pledge-to-give-away-99percent-of-his-wealth-could-later-test-berkshire.html
15 Hours Ago,Buffett’s giving plan could test Berkshire’s long-standing shield from activists,https://www.cnbc.com/2026/01/18/buffetts-pledge-to-give-away-99percent-of-his-wealth-could-later-test-berkshire.html
15 Hours Ago,Buffett’s giving plan could test Berkshire’s long-standing shield from activists,https://www.cnbc.com/2026/01/18/buffetts-pledge-to-give-away-99percent-of-his-wealth-could-later-test-berkshire.html
15 Hours Ago,"Earnings playbook: Netflix, this chipmaker are among the companies set to report",https://www.cnbc.com/2026/01/18/earnings-playbook-netflix-and-this-chipmaker-are-among-the-companies-set-to-report.html
15 Hours Ago,"Earnings playbook: Netflix, this chipmaker are among the companies set to report",https://www.cnbc.com/2026/01/18/earnings-playbook-netflix-and-this-chipmaker-are-among-the-companies-set-to-report.html
15 Hours Ago,"Earnings playbook: Netflix, this chipmaker are among the companies set to report",https://www.cnbc.com/2026/01/18/earnings-playbook-netflix-and-this-chipmaker-are-among-the-companies-set-to-report.html
18 Hours Ago,'Unacceptable': European leaders hit back at Trump's Greenland tariffs threat,https://www.cnbc.com/2026/01/18/european-leaders-reaction-trump-greenland-tariffs-threat.html
18 Hours Ago,'Unacceptable': European leaders hit back at Trump's Greenland tariffs threat,https://www.cnbc.com/2026/01/18/european-leaders-reaction-trump-greenland-tariffs-threat.html
18 Hours Ago,'Unacceptable': European leaders hit back at Trump's Greenland tariffs threat,https://www.cnbc.com/2026/01/18/european-leaders-reaction-trump-greenland-tariffs-threat.html
20 Hours Ago,Global week ahead: Hopes that cooler heads can prevail in Davos,https://www.cnbc.com/2026/01/18/trump-davos.html
20 Hours Ago,Global week ahead: Hopes that cooler heads can prevail in Davos,https://www.cnbc.com/2026/01/18/trump-davos.html
20 Hours Ago,Global week ahead: Hopes that cooler heads can prevail in Davos,https://www.cnbc.com/2026/01/18/trump-davos.html
20 Hours Ago,Who will be next to implement an Australia-style under-16s social media ban?,https://www.cnbc.com/2026/01/18/uk-australia-style-under-16s-social-media-ban.html
20 Hours Ago,Who will be next to implement an Australia-style under-16s social media ban?,https://www.cnbc.com/2026/01/18/uk-australia-style-under-16s-social-media-ban.html
20 Hours Ago,Who will be next to implement an Australia-style under-16s social media ban?,https://www.cnbc.com/2026/01/18/uk-australia-style-under-16s-social-media-ban.html
"January 17, 2026",Week in review: Stocks battled a flood of news and we booked some profits,https://www.cnbc.com/2026/01/17/week-in-review-stocks-battled-a-flood-of-news-and-we-booked-some-profits.html
"January 17, 2026",Week in review: Stocks battled a flood of news and we booked some profits,https://www.cnbc.com/2026/01/17/week-in-review-stocks-battled-a-flood-of-news-and-we-booked-some-profits.html
"January 17, 2026",Week in review: Stocks battled a flood of news and we booked some profits,https://www.cnbc.com/2026/01/17/week-in-review-stocks-battled-a-flood-of-news-and-we-booked-some-profits.html
"January 17, 2026",Trump threatens to sue JPMorgan Chase for 'debanking' him,https://www.cnbc.com/2026/01/17/trump-jpmorgan-chase-debanking.html
"January 17, 2026",Trump threatens to sue JPMorgan Chase for 'debanking' him,https://www.cnbc.com/2026/01/17/trump-jpmorgan-chase-debanking.html
"January 17, 2026",Trump threatens to sue JPMorgan Chase for 'debanking' him,https://www.cnbc.com/2026/01/17/trump-jpmorgan-chase-debanking.html
"January 17, 2026",Trump: NATO members to face tariffs up to 25% until a Greenland deal is struck,https://www.cnbc.com/2026/01/17/trump-greenland-tariffs-nato.html
"January 17, 2026",Trump: NATO members to face tariffs up to 25% until a Greenland deal is struck,https://www.cnbc.com/2026/01/17/trump-greenland-tariffs-nato.html
"January 17, 2026",Trump: NATO members to face tariffs up to 25% until a Greenland deal is struck,https://www.cnbc.com/2026/01/17/trump-greenland-tariffs-nato.html
"January 17, 2026","Led by Texas, states race to prove they can put bitcoin on public balance sheet",https://www.cnbc.com/2026/01/17/texas-us-states-budgets-bitcoin-crypto-strategic-reserve.html
"January 17, 2026","Led by Texas, states race to prove they can put bitcoin on public balance sheet",https://www.cnbc.com/2026/01/17/texas-us-states-budgets-bitcoin-crypto-strategic-reserve.html
"January 17, 2026","Led by Texas, states race to prove they can put bitcoin on public balance sheet",https://www.cnbc.com/2026/01/17/texas-us-states-budgets-bitcoin-crypto-strategic-reserve.html
"January 17, 2026",Unshaken: Why Brazilian stocks have looked past the Venezuela attack,https://www.cnbc.com/2026/01/17/unshaken-why-brazilian-stocks-have-looked-past-the-venezuela-attack.html
"January 17, 2026",Unshaken: Why Brazilian stocks have looked past the Venezuela attack,https://www.cnbc.com/2026/01/17/unshaken-why-brazilian-stocks-have-looked-past-the-venezuela-attack.html
"January 17, 2026",Unshaken: Why Brazilian stocks have looked past the Venezuela attack,https://www.cnbc.com/2026/01/17/unshaken-why-brazilian-stocks-have-looked-past-the-venezuela-attack.html
"January 17, 2026",Bestselling author: How to create better habits without relying on discipline,https://www.cnbc.com/2026/01/17/james-clear-how-to-create-better-habits-without-relying-on-discipline.html
"January 17, 2026",Bestselling author: How to create better habits without relying on discipline,https://www.cnbc.com/2026/01/17/james-clear-how-to-create-better-habits-without-relying-on-discipline.html
"January 17, 2026",Bestselling author: How to create better habits without relying on discipline,https://www.cnbc.com/2026/01/17/james-clear-how-to-create-better-habits-without-relying-on-discipline.html
"January 17, 2026","Warren Buffett: To maximize your potential, ask yourself this question",https://www.cnbc.com/2026/01/17/warren-buffett-to-maximize-your-potential-ask-yourself-this-question.html
"January 17, 2026","Warren Buffett: To maximize your potential, ask yourself this question",https://www.cnbc.com/2026/01/17/warren-buffett-to-maximize-your-potential-ask-yourself-this-question.html
"January 17, 2026","Warren Buffett: To maximize your potential, ask yourself this question",https://www.cnbc.com/2026/01/17/warren-buffett-to-maximize-your-potential-ask-yourself-this-question.html
